Workbook

Sheet b3Setorial
A1: CLASSIFICAÇÃO SETORIAL DAS EMPRESAS NEGOCIADAS NA B3
A7: SETOR ECONÔMICO | B7: SUBSETOR | C7: SEGMENTO | D7: LISTAGEM
D8: CÓDIGO | E8: SEGMENTO
A9: Petróleo, Gás e Biocombustíveis | B9: Petróleo, Gás e Biocombustíveis | C9: Exploração, Refino e Distribuição
C10: COSAN | D10: CSAN | E10: NM
C11: DOMMO | D11: DMMO
C12: ENAUTA PART | D12: ENAT | E12: NM
C13: PET MANGUINH | D13: RPMG
C14: PETROBRAS | D14: PETR | E14: N2
C15: PETROBRAS BR | D15: BRDT | E15: NM
C16: PETRORIO | D16: PRIO | E16: NM
C17: ULTRAPAR | D17: UGPA | E17: NM
C18: Equipamentos e Serviços
C19: LUPATECH | D19: LUPA | E19: NM
C20: OSX BRASIL | D20: OSXB | E20: NM
A22: SETOR ECONÔMICO | B22: SUBSETOR | C22: SEGMENTO | D22: LISTAGEM
D23: CÓDIGO | E23: SEGMENTO
A24: Materiais Básicos | B24: Mineração | C24: Minerais Metálicos
C25: BRADESPAR | D25: BRAP | E25: N1
C26: LITEL | D26: LTEL | E26: MB
C27: LITELA | D27: LTLA | E27: MB
C28: MMX MINER | D28: MMXM | E28: NM
C29: VALE | D29: VALE | E29: NM
B30: Siderurgia e Metalurgia | C30: Siderurgia
C31: FERBASA | D31: FESA | E31: N1
C32: GERDAU | D32: GGBR | E32: N1
C33: GERDAU MET | D33: GOAU | E33: N1
C34: SID NACIONAL | D34: CSNA
C35: USIMINAS | D35: USIM | E35: N1
C36: Artefatos de Ferro e Aço
C37: MANGELS INDL | D37: MGEL
C38: PANATLANTICA | D38: PATI
C39: TEKNO | D39: TKNO
C40: Artefatos de Cobre
C41: PARANAPANEMA | D41: PMAM | E41: NM
B42: Químicos | C42: Petroquímicos
C43: BRASKEM | D43: BRKM | E43: N1
C44: ELEKEIROZ | D44: ELEK
C45: GPC PART | D45: GPCP
C46: Fertilizantes e Defensivos
C47: FER HERINGER | D47: FHER | E47: NM
C48: NUTRIPLANT | D48: NUTR | E48: MA
C49: Químicos Diversos
C50: CRISTAL | D50: CRPG
C51: UNIPAR | D51: UNIP
B52: Madeira e Papel | C52: Madeira
C53: DURATEX | D53: DTEX | E53: NM
C54: EUCATEX | D54: EUCA | E54: N1
C55: Papel e Celulose
C56: IRANI | D56: RANI
C57: KLABIN S/A | D57: KLBN | E57: N2
C58: MELHOR SP | D58: MSPA
C59: SANTHER | D59: STTZ
C60: SUZANO HOLD | D60: NEMO
C61: SUZANO S.A. | D61: SUZB | E61: NM
B62: Embalagens | C62: Embalagens
C63: METAL IGUACU | D63: MTIG
B64: Materiais Diversos | C64: Materiais Diversos
C65: SANSUY | D65: SNSY
A67: SETOR ECONÔMICO | B67: SUBSETOR | C67: SEGMENTO | D67: LISTAGEM
D68: CÓDIGO | E68: SEGMENTO
A69: Bens Industriais | B69: Construção e Engenharia | C69: Produtos para Construção
C70: ETERNIT | D70: ETER | E70: NM
C71: HAGA S/A | D71: HAGA
C72: PORTOBELLO | D72: PTBL | E72: NM
C73: Construção Pesada
C74: AZEVEDO | D74: AZEV
C75: Engenharia Consultiva
C76: SONDOTECNICA | D76: SOND
C77: TECNOSOLO | D77: TCNO
C78: Serviços Diversos
C79: MILLS | D79: MILS | E79: NM
B80: Material de Transporte | C80: Material Aeronáutico e de Defesa
C81: EMBRAER | D81: EMBR | E81: NM
C82: Material Rodoviário
C83: FRAS-LE | D83: FRAS | E83: N1
C84: MARCOPOLO | D84: POMO | E84: N2
C85: RANDON PART | D85: RAPT | E85: N1
C86: RECRUSUL | D86: RCSL
C87: RIOSULENSE | D87: RSUL
C88: TUPY | D88: TUPY | E88: NM
C89: WETZEL S/A | D89: MWET
B90: Máquinas e Equipamentos | C90: Motores, Compressores e Outros
C91: SCHULZ | D91: SHUL
C92: WEG | D92: WEGE | E92: NM
C93: Máq. e Equip. Industriais
C94: ACO ALTONA | D94: EALT
C95: BARDELLA | D95: BDLL
C96: INDS ROMI | D96: ROMI | E96: NM
C97: INEPAR | D97: INEP
C98: KEPLER WEBER | D98: KEPL
C99: METALFRIO | D99: FRIO | E99: NM
C100: NORDON MET | D100: NORD
C101: PRATICA | D101: PTCA | E101: M2
C102: Máq. e Equip. Construção e Agrícolas
C103: METISA | D103: MTSA
C104: STARA | D104: STTR | E104: MA
C105: Armas e Munições
C106: TAURUS ARMAS | D106: TASA | E106: N2
B107: Transporte | C107: Transporte Aéreo
...

Sheet Tabela_Auxiliar
A1: Ticker | B1: Nome | C1: SETOR ECONÔMICO | D1: SUBSETOR | E1: SEGMENTO
A2: AALR | B2: ALLIAR | C2: Saúde | D2: Análises e Diagnósticos | E2: Análises e Diagnósticos
A3: ABCB | B3: ABC BRASIL | C3: Financeiro | D3: Intermediários Financeiros | E3: Bancos
A4: ABEV | B4: AMBEV S/A | C4: Consumo não Cíclico | D4: Bebidas | E4: Cervejas e Refrigerantes
A5: ADHM | B5: ADVANCED-DH | C5: Saúde | D5: Análises e Diagnósticos | E5: Análises e Diagnósticos
A6: AESL | B6: AES SUL | C6: Utilidade Pública | D6: Energia Elétrica | E6: Energia Elétrica
A7: AFLT | B7: AFLUENTE T | C7: Utilidade Pública | D7: Energia Elétrica | E7: Energia Elétrica
A8: AGRO | B8: BRASILAGRO | C8: Consumo não Cíclico | D8: Agropecuária | E8: Agricultura
A9: AGRU | B9: GRUAIRPORT | C9: Bens Industriais | D9: Transporte | E9: Serviços de Apoio e Armazenagem
A10: AHEB | B10: SPTURIS | C10: Consumo Cíclico | D10: Viagens e Lazer | E10: Produção de Eventos e Shows
A11: ALEF | B11: ALEF S/A | C11: Outros | D11: Outros | E11: Outros
A12: ALGT | B12: ALGAR TELEC | C12: Comunicações | D12: Telecomunicações | E12: Telecomunicações
... A107: COCE | B107: COELCE | C107: Utilidade Pública | D107: Energia Elétrica | E107: Energia Elétrica
A108: CÓDIGO | B108: 0 | C108: Petróleo, Gás e Biocombustíveis | D108: Petróleo, Gás e Biocombustíveis | E108: Equipamentos e Serviços
A109: CÓDIGO | B109: 0 | C109: Materiais Básicos | D109: Materiais Diversos | E109: Materiais Diversos
A110: CÓDIGO | B110: 0 | C110: Bens Industriais | D110: Comércio | E110: Material de Transporte
A111: CÓDIGO | B111: 0 | C111: Consumo não Cíclico | D111: Comércio e Distribuição | E111: Alimentos
A112: CÓDIGO | B112: 0 | C112: Consumo Cíclico | D112: Tecidos, Vestuário e Calçados | E112: Acessórios
A113: CÓDIGO | B113: 0 | C113: Consumo Cíclico | D113: Comércio | E113: Produtos Diversos
A114: CÓDIGO | B114: 0 | C114: Saúde | D114: Comércio e Distribuição | E114: Medicamentos e Outros Produtos
A115: CÓDIGO | B115: 0 | C115: Tecnologia da Informação | D115: Programas e Serviços | E115: Programas e Serviços
A116: CÓDIGO | B116: 0 | C116: Comunicações | D116: Mídia | E116: Produção e Difusão de Filmes e Programas
A117: CÓDIGO | B117: 0 | C117: Utilidade Pública | D117: Gás | E117: Gás
A118: CÓDIGO | B118: 0 | C118: Financeiro | D118: Previdência e Seguros | E118: Corretoras de Seguros
A119: CÓDIGO | B119: 0 | C119: Financeiro | D119: Outros Títulos | E119: Outros Títulos
A120: COGN | B120: COGNA ON | C120: Consumo Cíclico | D120: Diversos | E120: Serviços Educacionais
A121: COLN | B121: ROD COLINAS | C121: Bens Industriais | D121: Transporte | E121: Exploração de Rodovias
A122: CORR | B122: COR RIBEIRO | C122: Financeiro | D122: Exploração de Imóveis | E122: Exploração de Imóveis
A123: CPFE | B123: CPFL ENERGIA | C123: Utilidade Pública | D123: Energia Elétrica | E123: Energia Elétrica
A124: CPFG | B124: CPFL GERACAO | C124: Utilidade Pública | D124: Energia Elétrica | E124: Energia Elétrica
A125: CPFP | B125: CPFL PIRATIN | C125: Utilidade Pública | D125: Energia Elétrica | E125: Energia Elétrica
A126: CPLE | B126: COPEL | C126: Utilidade Pública | D126: Energia Elétrica | E126: Energia Elétrica
A127: CPRE | B127: CPFL RENOVAV | C127: Utilidade Pública | D127: Energia Elétrica | E127: Energia Elétrica
A128: CPTE | B128: CACHOEIRA | C128: Utilidade Pública | D128: Energia Elétrica | E128: Energia Elétrica
A129: CPTP | B129: CAPITALPART | C129: Outros | D129: Outros | E129: Outros
A130: CRBD | B130: RT BANDEIRAS | C130: Bens Industriais | D130: Transporte | E130: Exploração de Rodovias
A131: CRDE | B131: CR2 | C131: Consumo Cíclico | D131: Construção Civil | E131: Incorporações
... A247: LIPR | B247: ELETROPAR | C247: Utilidade Pública | D247: Energia Elétrica | E247: Energia Elétrica
A248: LISTAGEM | B248: 0 | C248: Petróleo, Gás e Biocombustíveis | D248: Petróleo, Gás e Biocombustíveis | E248: Equipamentos e Serviços
A249: LISTAGEM | B249: 0 | C249: Materiais Básicos | D249: Materiais Diversos | E249: Materiais Diversos
A250: LISTAGEM | B250: 0 | C250: Bens Industriais | D250: Comércio | E250: Material de Transporte
A251: LISTAGEM | B251: 0 | C251: Consumo não Cíclico | D251: Comércio e Distribuição | E251: Alimentos
A252: LISTAGEM | B252: 0 | C252: Consumo Cíclico | D252: Tecidos, Vestuário e Calçados | E252: Acessórios
A253: LISTAGEM | B253: 0 | C253: Consumo Cíclico | D253: Comércio | E253: Produtos Diversos
A254: LISTAGEM | B254: 0 | C254: Saúde | D254: Comércio e Distribuição | E254: Medicamentos e Outros Produtos
A255: LISTAGEM | B255: 0 | C255: Tecnologia da Informação | D255: Programas e Serviços | E255: Programas e Serviços
A256: LISTAGEM | B256: 0 | C256: Comunicações | D256: Mídia | E256: Produção e Difusão de Filmes e Programas
A257: LISTAGEM | B257: 0 | C257: Utilidade Pública | D257: Gás | E257: Gás
A258: LISTAGEM | B258: 0 | C258: Financeiro | D258: Previdência e Seguros | E258: Corretoras de Seguros
A259: LISTAGEM | B259: 0 | C259: Financeiro | D259: Outros Títulos | E259: Outros Títulos
A260: LLIS | B260: LE LIS BLANC | C260: Consumo Cíclico | D260: Comércio | E260: Tecidos, Vestuário e Calçados
A261: LMED | B261: LIFEMED | C261: Saúde | D261: Equipamentos | E261: Equipamentos
A262: LOGG | B262: LOG COM PROP | C262: Financeiro | D262: Exploração de Imóveis | E262: Exploração de Imóveis
A263: LOGN | B263: LOG-IN | C263: Bens Industriais | D263: Transporte | E263: Transporte Hidroviário
A264: LPSB | B264: LOPES BRASIL | C264: Financeiro | D264: Exploração de Imóveis | E264: Intermediação Imobiliária
A265: LREN | B265: LOJAS RENNER | C265: Consumo Cíclico | D265: Comércio | E265: Tecidos, Vestuário e Calçados
A266: LTEL | B266: LITEL | C266: Materiais Básicos | D266: Mineração | E266: Minerais Metálicos
A267: LTLA | B267: LITELA | C267: Materiais Básicos | D267: Mineração | E267: Minerais Metálicos
A268: LUPA | B268: LUPATECH | C268: Petróleo, Gás e Biocombustíveis | D268: Petróleo, Gás e Biocombustíveis | E268: Equipamentos e Serviços
A269: LUXM | B269: TREVISA | C269: Bens Industriais | D269: Transporte | E269: Transporte Hidroviário
A270: LWSA | B270: LOCAWEB | C270: Tecnologia da Informação | D270: Programas e Serviços | E270: Programas e Serviços
A271: MAPT | B271: CEMEPE | C271: Outros | D271: Outros | E271: Outros
... A440: YDUQ | B440: YDUQS PART | C440: Consumo Cíclico | D440: Diversos | E440: Serviços Educacionais

Sheet IBOVESPA
A1: stDate | B1: Ticker | C1: Peso | D1: Nome | E1: SETOR ECONÔMICO | F1: SUBSETOR | G1: SEGMENTO
A2: 43990 | B2: VALE3 | C2: 0.1022485 | D2: =VLOOKUP(LEFT(B2,4),Tabela_Auxiliar!$A:$E,2,FALSE) -> VALE | E2: =VLOOKUP(LEFT(B2,4),Tabela_Auxiliar!$A:$E,3,FALSE) -> Materiais Básicos | F2: =VLOOKUP(LEFT(B2,4),Tabela_Auxiliar!$A:$E,4,FALSE) -> Mineração | G2: =VLOOKUP(LEFT(B2,4),Tabela_Auxiliar!$A:$E,5,FALSE) -> Minerais Metálicos
A3: 43990 | B3: ITUB4 | C3: 0.07619501 | D3: =VLOOKUP(LEFT(B3,4),Tabela_Auxiliar!$A:$E,2,FALSE) -> ITAUUNIBANCO | E3: =VLOOKUP(LEFT(B3,4),Tabela_Auxiliar!$A:$E,3,FALSE) -> Financeiro | F3: =VLOOKUP(LEFT(B3,4),Tabela_Auxiliar!$A:$E,5,FALSE) -> Bancos | G3: =VLOOKUP(LEFT(B3,4),Tabela_Auxiliar!$A:$E,5,FALSE) -> Bancos | J3: %IBOV
A4: 43990 | B4: B3SA3 | C4: 0.05999878 | D4: =VLOOKUP(LEFT(B4,4),Tabela_Auxiliar!$A:$E,2,FALSE) -> B3 | E4: =VLOOKUP(LEFT(B4,4),Tabela_Auxiliar!$A:$E,3,FALSE) -> Financeiro | F4: =VLOOKUP(LEFT(B4,4),Tabela_Auxiliar!$A:$E,5,FALSE) -> Serviços Financeiros Diversos | G4: =VLOOKUP(LEFT(B4,4),Tabela_Auxiliar!$A:$E,5,FALSE) -> Serviços Financeiros Diversos | I4: Financeiro | J4: 0.31608524
A5: 43990 | B5: PETR4 | C5: 0.05774191 | D5: =VLOOKUP(LEFT(B5,4),Tabela_Auxiliar!$A:$E,2,FALSE) -> PETROBRAS | E5: =VLOOKUP(LEFT(B5,4),Tabela_Auxiliar!$A:$E,3,FALSE) -> Petróleo, Gás e Biocombustíveis | F5: =VLOOKUP(LEFT(B5,4),Tabela_Auxiliar!$A:$E,5,FALSE) -> Exploração, Refino e Distribuição | G5: =VLOOKUP(LEFT(B5,4),Tabela_Auxiliar!$A:$E,5,FALSE) -> Exploração, Refino e Distribuição | I5: Bancos | J5: 0.21806568
A6: 43990 | B6: BBDC4 | C6: 0.05671063 | D6: =VLOOKUP(LEFT(B6,4),Tabela_Auxiliar!$A:$E,2,FALSE) -> BRADESCO | E6: =VLOOKUP(LEFT(B6,4),Tabela_Auxiliar!$A:$E,3,FALSE) -> Financeiro | F6: =VLOOKUP(LEFT(B6,4),Tabela_Auxiliar!$A:$E,5,FALSE) -> Bancos | G6: =VLOOKUP(LEFT(B6,4),Tabela_Auxiliar!$A:$E,5,FALSE) -> Bancos | I6: Bancos | J6: 0.21806568
A7: 43990 | B7: PETR3 | C7: 0.03905364 | D7: =VLOOKUP(LEFT(B7,4),Tabela_Auxiliar!$A:$E,2,FALSE) -> PETROBRAS | E7: =VLOOKUP(LEFT(B7,4),Tabela_Auxiliar!$A:$E,3,FALSE) -> Petróleo, Gás e Biocombustíveis | F7: =VLOOKUP(LEFT(B7,4),Tabela_Auxiliar!$A:$E,5,FALSE) -> Exploração, Refino e Distribuição | G7: =VLOOKUP(LEFT(B7,4),Tabela_Auxiliar!$A:$E,5,FALSE) -> Exploração, Refino e Distribuição | I7: Serviços Financeiros Diversos | J7: 0.06294106
A8: 43990 | B8: ABEV3 | C8: 0.0360444 | D8: =VLOOKUP(LEFT(B8,4),Tabela_Auxiliar!$A:$E,2,FALSE) -> AMBEV S/A | E8: =VLOOKUP(LEFT(B8,4),Tabela_Auxiliar!$A:$E,3,FALSE) -> Consumo não Cíclico | F8: =VLOOKUP(LEFT(B8,4),Tabela_Auxiliar!$A:$E,5,FALSE) -> Cervejas e Refrigerantes | G8: =VLOOKUP(LEFT(B8,4),Tabela_Auxiliar!$A:$E,5,FALSE) -> Cervejas e Refrigerantes | I8: Serviços Financeiros Diversos | J8: 0.06294106
A9: 43990 | B9: BBAS3 | C9: 0.02926678 | D9: =VLOOKUP(LEFT(B9,4),Tabela_Auxiliar!$A:$E,2,FALSE) -> BRASIL | E9: =VLOOKUP(LEFT(B9,4),Tabela_Auxiliar!$A:$E,3,FALSE) -> Financeiro | F9: =VLOOKUP(LEFT(B9,4),Tabela_Auxiliar!$A:$E,5,FALSE) -> Bancos | G9: =VLOOKUP(LEFT(B9,4),Tabela_Auxiliar!$A:$E,5,FALSE) -> Bancos | I9: Seguradoras | J9: 0.02428349
A10: 43990 | B10: ITSA4 | C10: 0.02649982 | D10: =VLOOKUP(LEFT(B10,4),Tabela_Auxiliar!$A:$E,2,FALSE) -> ITAUSA | E10: =VLOOKUP(LEFT(B10,4),Tabela_Auxiliar!$A:$E,3,FALSE) -> Financeiro | F10: =VLOOKUP(LEFT(B10,4),Tabela_Auxiliar!$A:$E,5,FALSE) -> Bancos | G10: =VLOOKUP(LEFT(B10,4),Tabela_Auxiliar!$A:$E,5,FALSE) -> Bancos | I10: Seguradoras | J10: 0.02428349
A11: 43990 | B11: MGLU3 | C11: 0.02340821 | D11: =VLOOKUP(LEFT(B11,4),Tabela_Auxiliar!$A:$E,2,FALSE) -> MAGAZ LUIZA | E11: =VLOOKUP(LEFT(B11,4),Tabela_Auxiliar!$A:$E,3,FALSE) -> Consumo Cíclico | F11: =VLOOKUP(LEFT(B11,4),Tabela_Auxiliar!$A:$E,5,FALSE) -> Eletrodomésticos | G11: =VLOOKUP(LEFT(B11,4),Tabela_Auxiliar!$A:$E,5,FALSE) -> Eletrodomésticos | I11: Exploração de Imóveis | J11: 0.01079501
A12: 43990 | B12: LREN3 | C12: 0.02057546 | D12: =VLOOKUP(LEFT(B12,4),Tabela_Auxiliar!$A:$E,2,FALSE) -> LOJAS RENNER | E12: =VLOOKUP(LEFT(B12,4),Tabela_Auxiliar!$A:$E,3,FALSE) -> Consumo Cíclico | F12: =VLOOKUP(LEFT(B12,4),Tabela_Auxiliar!$A:$E,5,FALSE) -> Tecidos, Vestuário e Calçados | G12: =VLOOKUP(LEFT(B12,4),Tabela_Auxiliar!$A:$E,5,FALSE) -> Tecidos, Vestuário e Calçados | I12: Exploração de Imóveis | J12: 0.01079501
A13: 43990 | B13: JBSS3 | C13: 0.02011443 | D13: =VLOOKUP(LEFT(B13,4),Tabela_Auxiliar!$A:$E,2,FALSE) -> JBS | E13: =VLOOKUP(LEFT(B13,4),Tabela_Auxiliar!$A:$E,3,FALSE) -> Consumo não Cíclico | F13: =VLOOKUP(LEFT(B13,4),Tabela_Auxiliar!$A:$E,5,FALSE) -> Carnes e Derivados | G13: =VLOOKUP(LEFT(B13,4),Tabela_Auxiliar!$A:$E,5,FALSE) -> Carnes e Derivados | I13: Materiais Básicos | J13: 0.15214913
A14: 43990 | B14: WEGE3 | C14: 0.01789904 | D14: =VLOOKUP(LEFT(B14,4),Tabela_Auxiliar!$A:$E,2,FALSE) -> WEG | E14: =VLOOKUP(LEFT(B14,4),Tabela_Auxiliar!$A:$E,3,FALSE) -> Bens Industriais | F14: =VLOOKUP(LEFT(B14,4),Tabela_Auxiliar!$A:$E,5,FALSE) -> Motores, Compressores e Outros | G14: =VLOOKUP(LEFT(B14,4),Tabela_Auxiliar!$A:$E,5,FALSE) -> Motores, Compressores e Outros | I14: Mineração | J14: 0.1022485
A15: 43990 | B15: GNDI3 | C15: 0.01669573 | D15: =VLOOKUP(LEFT(B15,4),Tabela_Auxiliar!$A:$E,2,FALSE) -> INTERMEDICA | E15: =VLOOKUP(LEFT(B15,4),Tabela_Auxiliar!$A:$E,3,FALSE) -> Saúde | F15: =VLOOKUP(LEFT(B15,4),Tabela_Auxiliar!$A:$E,5,FALSE) -> Análises e Diagnósticos | G15: =VLOOKUP(LEFT(B15,4),Tabela_Auxiliar!$A:$E,5,FALSE) -> Análises e Diagnósticos | I15: Minerais Metálicos | J15: 0.1022485
... A76: 43990 | B76: HGTX3 | C76: 0.00120953 | D76: =VLOOKUP(LEFT(B76,4),Tabela_Auxiliar!$A:$E,2,FALSE) -> CIA HERING | E76: =VLOOKUP(LEFT(B76,4),Tabela_Auxiliar!$A:$E,3,FALSE) -> Consumo Cíclico | F76: =VLOOKUP(LEFT(B76,4),Tabela_Auxiliar!$A:$E,5,FALSE) -> Vestuário | G76: =VLOOKUP(LEFT(B76,4),Tabela_Auxiliar!$A:$E,5,FALSE) -> Vestuário | I76: Telecomunicações | J76: 0.01803807
I77: Tecnologia da Informação | J77: 0.00481001
I78: Programas e Serviços | J78: 0.00481001
I79: Programas e Serviços | J79: 0.00481001
I80: Grand Total | J80: 1
